Job Title,Company,Category,Source Platform,Job Count,Salary Amount,Salary Type,Applicant Count
Científico de datos,E-Frontiers,Data Scientist,LinkedIn,1,0,Not Specified,
"Data Scientist (Databricks) - Digital & IT, Powai HO",Larsen & Toubro,Data Scientist,LinkedIn,1,0,Not Specified,
Senior Data Scientist,knowmad mood,Data Scientist,LinkedIn,1,0,Not Specified,
GM Data Scientist,BNP Paribas,Data Scientist,LinkedIn,1,0,Hourly,
Data Scientist Confirmé  (H/F),MERITIS,Data Scientist,LinkedIn,1,0,Hourly,
"Data Scientist - Digital & IT, Powai HO",Larsen & Toubro,Data Scientist,LinkedIn,1,0,Not Specified,
Whiteshield Data Scientist - AI Economics Unit,Whiteshield,Data Scientist,LinkedIn,1,0,Monthly,
Data scientist H/F,Kicklox,Data Scientist,LinkedIn,1,0,Not Specified,
"Data Scientist, Senior",Booz Allen Hamilton,Data Scientist,LinkedIn,1,0,Not Specified,
"Data Scientist, Junior",Booz Allen Hamilton,Data Scientist,LinkedIn,1,0,Not Specified,
Office Manager / EA Support,Wayve,Data Scientist,Arbeitnow Worldwide,1,4668,Hourly,
Senior GTM Talent Partner - Berlin,The Rec Hub,Data Scientist,Arbeitnow Worldwide,1,0,Monthly,
Kubernetes Administrator/Private Cloud Engineer (m/w/d),virtual7 GmbH,Data Scientist,Arbeitnow Worldwide,1,30017959,Hourly,
AI Solution Architect (m/w/d),virtual7 GmbH,Data Scientist,Arbeitnow Worldwide,1,3600221,Hourly,
Senior Java Backend Developer (m/w/d),virtual7 GmbH,Data Scientist,Arbeitnow Worldwide,1,52330481,Hourly,
Senior Data Scientist,iyzico,Data Scientist,LinkedIn,1,0,Not Specified,
Cientista de dados Pl,Nio,Data Scientist,LinkedIn,1,0,Not Specified,
Senior Data Scientist,Tracksuit,Data Scientist,LinkedIn,1,0,Monthly,
Cientista de dados SR,Nio,Data Scientist,LinkedIn,1,0,Monthly,
Senior/Lead Data Scientist - Open Banking,Klarna,Data Scientist,LinkedIn,1,0,Monthly,
"Senior Machine Learning Engineer, Recommendations",Lyft,Data Scientist,LinkedIn,1,0,Not Specified,
"Staff Machine Learning Engineer, Financial Connections",Stripe,Data Scientist,LinkedIn,1,0,Not Specified,
Senior Data Scientist - Toronto (m/f/d),AutoTrader.ca,Data Scientist,LinkedIn,1,0,Not Specified,
"Senior Machine Learning Engineer, Search & Intelligence",Atlassian,Data Scientist,LinkedIn,1,0,Not Specified,
Principal Machine Learning Engineer,Atlassian,Data Scientist,LinkedIn,1,0,Not Specified,
Lead Machine Learning Engineer,Sequoia,Data Scientist,LinkedIn,1,0,Not Specified,
Data Science-FS,UST,Data Scientist,LinkedIn,1,0,Not Specified,
"Machine Learning Engineer, Monetization Data Alignment",TikTok,Data Scientist,LinkedIn,1,0,Not Specified,
Data Scientist - Machine Learning,United Airlines India Knowledge Center,Data Scientist,LinkedIn,1,0,Not Specified,
"Ingeniera/o de Visión artificial, Deep learning e IA aplicada",AINIA,Data Scientist,LinkedIn,1,0,Hourly,
Ingénieur applicatif Java (F/H),AIS,Data Scientist,LinkedIn,1,0,Hourly,
Analista de Gestão do Conhecimento para IA,Ação da Cidadania,Data Scientist,LinkedIn,1,0,Monthly,
Développeur Java/Angular F/H,AIS,Data Scientist,LinkedIn,1,0,Hourly,
(Junior) Consultant Künstliche Intelligenz (m/w/d),IABG,Data Scientist,LinkedIn,1,0,Monthly,
Senior Software Engineer - Perception,Applied Intuition,Data Scientist,LinkedIn,1,0,Not Specified,
AI Software Engineer,IAI - Israel Aerospace Industries,Data Scientist,LinkedIn,1,0,Not Specified,
AI Agentic Developer,Engineering Albania,Data Scientist,LinkedIn,1,0,Not Specified,
Analyste de données,iA Financial Group (Industrial Alliance),Data Scientist,LinkedIn,1,0,Not Specified,
Senior Data Analyst,EXL,Data Analyst,LinkedIn,1,0,Not Specified,
Data Analyst,dubizzle Egypt,Data Analyst,LinkedIn,1,0,Not Specified,
Data Analyst,Zelis,Data Analyst,LinkedIn,1,0,Not Specified,
Senior Data Analyst,Michael Page,Data Analyst,LinkedIn,1,0,Hourly,
Data Analyst,Imploy,Data Analyst,LinkedIn,1,0,Not Specified,
Data Analyst SQL / Power BI / Alteryx (H/F),Sibylone,Data Analyst,LinkedIn,1,0,Not Specified,
C&I Data Analyst,Dencom Consultancy & Manpower Services,Data Analyst,LinkedIn,1,0,Monthly,
Sr. Data Analyst,MicroSourcing,Data Analyst,LinkedIn,1,0,Not Specified,
Data Analyst Looker,hiberus,Data Analyst,LinkedIn,1,0,Not Specified,
Senior Data Analyst,Finkraft,Data Analyst,LinkedIn,1,0,Monthly,
Data Analyst [từ 4 năm kinh nghiệm],Sapo Technology JSC,Data Analyst,LinkedIn,1,0,Monthly,
Data Analyst I - 11881,Senior Sistemas,Data Analyst,LinkedIn,1,11881,Monthly,
Data Analyst Senior H/F,NEXTON,Data Analyst,LinkedIn,1,0,Not Specified,
Analista de Dados,Unifacisa Centro Universitário,Data Analyst,LinkedIn,1,0,Not Specified,
Âmbar Energia - Analista de Dados,Âmbar Energia,Data Analyst,LinkedIn,1,0,Monthly,
RWE Biostatistician,Resilience Care,Data Analyst,LinkedIn,1,0,Monthly,
Statistician Senior,Michigan Medicine,Data Analyst,LinkedIn,1,0,Not Specified,
Biostatistician,University of Utah,Data Analyst,LinkedIn,1,0,Monthly,
Biostatistician,Emmes Group,Data Analyst,LinkedIn,1,0,Monthly,
Biostatistician,Celerion,Data Analyst,LinkedIn,1,0,Not Specified,
"Statistician, Real World Solutions",IQVIA,Data Analyst,LinkedIn,1,0,Monthly,
Biostatistician,Medpace,Data Analyst,LinkedIn,1,0,Not Specified,
Biostatistician III - DCAC,The Henry M. Jackson Foundation for the Advancement of Military Medicine,Data Analyst,LinkedIn,1,0,Not Specified,
Enterprise Data Analyst,Husch Blackwell,Data Analyst,LinkedIn,1,0,Not Specified,
ENGENHEIRO DE DADOS Sênior,Avvale,Data Engineer,LinkedIn,1,0,Monthly,
Senior Data Engineer 2 - Remote Work | REF#297237,BairesDev,Data Engineer,LinkedIn,1,0,Monthly,
Databricks Data Engineer (Apache Spark) - Remote work | REF#303793,BairesDev,Data Engineer,LinkedIn,1,0,Not Specified,
[IB] Engenheiro de Dados Sênior,iblue,Data Engineer,LinkedIn,1,0,Monthly,
Data Engineer AWS/PySpark,myCloudDoor,Data Engineer,LinkedIn,1,0,Not Specified,
Engenheiro de Dados Pleno,Reply,Data Engineer,LinkedIn,1,0,Not Specified,
Senior Data Engineer,Tractian,Data Engineer,LinkedIn,1,0,Not Specified,
Cloud Data Engineer (f/m/x),Sii Poland,Data Engineer,LinkedIn,1,0,Monthly,
Intermediate Data Engineer,BEES,Data Engineer,LinkedIn,1,0,Monthly,
Data Engineer (Azure Databricks) - Remote Work | REF#295236,BairesDev,Data Engineer,LinkedIn,1,0,Not Specified,
"Senior Data Engineer, DX",Atlassian,Data Engineer,LinkedIn,1,0,Not Specified,
Engenheiro de Dados Pleno,Jobbol,Data Engineer,LinkedIn,1,0,Not Specified,
Senior Data Engineer - Morocco,Mindera,Data Engineer,LinkedIn,1,0,Monthly,
Enterprise Data Architect - Remote Work | REF#299852,BairesDev,Data Engineer,LinkedIn,1,0,Monthly,
Azure Data Architect - Remote Work | REF#302384,BairesDev,Data Engineer,LinkedIn,1,0,Not Specified,
"ARCHITECT, DATA",alfanar,Data Engineer,LinkedIn,1,0,Not Specified,
Arquitecto/a del Dato Stratio y Data Fabric,Cognodata,Data Engineer,LinkedIn,1,0,Monthly,
"Data Architect, Charles River Development, Vice President",Charles River Development,Data Engineer,LinkedIn,1,0,Monthly,
BCG Platinion Lead/Principal Architect - Data & AI,Boston Consulting Group (BCG),Data Engineer,LinkedIn,1,0,Not Specified,
Arquiteto de Dados Especialista Funcional,Selbetti Tecnologia,Data Engineer,LinkedIn,1,0,Monthly,
Data Architect | Arquitecto/a de Datos,act digital EMEA - Alter Solutions,Data Engineer,LinkedIn,1,0,Not Specified,
Senior Data Architect,Kraft Heinz,Data Engineer,LinkedIn,1,0,Not Specified,
Arquitecto de Datos (Senior) – AWS,Tata Consultancy Services,Data Engineer,LinkedIn,1,0,Not Specified,
Senior Data Engineer 2 - Remote Work | REF#297229,BairesDev,Data Engineer,LinkedIn,1,0,Not Specified,
Engenheiro de Dados Sênior,Reply,Data Engineer,LinkedIn,1,0,Monthly,
BI Developer - Remote Work | REF#300505,BairesDev,BI & Analytics,LinkedIn,1,0,Not Specified,
Senior Business Intelligence Analyst - Remote Work | REF#301625,BairesDev,BI & Analytics,LinkedIn,1,0,Not Specified,
Senior BI Developer,Bunnings,BI & Analytics,LinkedIn,1,0,Not Specified,
Analyste bi (sr.) - ville de montréal,FOP Consultants,BI & Analytics,LinkedIn,1,0,Hourly,
Senior Business Intelligence (BI) Developer,UST,BI & Analytics,LinkedIn,1,0,Hourly,
Sr. Power BI Developer,Programmers.ai,BI & Analytics,LinkedIn,1,0,Monthly,
Analyste bi (sr.) - ville de québec,FOP Consultants,BI & Analytics,LinkedIn,1,0,Hourly,
Senior PowerBI Developer,N-iX,BI & Analytics,LinkedIn,1,0,Monthly,
Senior BI Developer/Architect - Europe (remote)- International client,TheWhiteam,BI & Analytics,LinkedIn,1,0,Monthly,
Senior BI Analyst Developer,LRQA,BI & Analytics,LinkedIn,1,0,Monthly,
Data Analyst,Lobo Management,BI & Analytics,LinkedIn,1,0,Not Specified,
Data Analyst/Power Business Intelligence,Astek Vietnam,BI & Analytics,LinkedIn,1,0,Not Specified,
Assistant Manager,EXL,BI & Analytics,LinkedIn,1,0,Not Specified,
Senior Data Analyst,Sonova Group,BI & Analytics,LinkedIn,1,0,Not Specified,
MI Analyst,Lockton,BI & Analytics,LinkedIn,1,0,Not Specified,
Business Intelligence (BI) Analyst / Senior BI Analyst,Coins.ph,BI & Analytics,LinkedIn,1,0,Not Specified,
Senior Analyst,Staples India,BI & Analytics,LinkedIn,1,0,Not Specified,
Business Data Analyst,Moneris,BI & Analytics,LinkedIn,1,0,Not Specified,
Business Intelligence Data Analyst,The NRMA,BI & Analytics,LinkedIn,1,0,Not Specified,
Analista de Business Intelligence | REF#249479,BairesDev,BI & Analytics,LinkedIn,1,0,Monthly,
Business Intelligence Analyst,BioPhorum,BI & Analytics,LinkedIn,1,0,Not Specified,
Data Analyst (Power BI / Fabric),Logicalis Spain,BI & Analytics,LinkedIn,1,0,Monthly,
ANALISTA DE INTELIGÊNCIA DE NEGÓCIOS JR (Business Intelligence),Fotus Distribuidora Solar,BI & Analytics,LinkedIn,1,0,Hourly,
Senior Data Analyst,Versent,BI & Analytics,LinkedIn,1,0,Not Specified,
AUXILIAR ADMINISTRATIVO I PCD | GRUPO CARBEL,Carbel Auto Group,Administrative Assistant,LinkedIn,1,0,Monthly,
AUXILIAR ADMINISTRATIVO I | BYD CONTAGEM,Carbel Auto Group,Administrative Assistant,LinkedIn,1,0,Not Specified,
Assistente Administrativo,NMC Sustentabilidade Integrativa,Administrative Assistant,LinkedIn,1,0,Monthly,
Assistente Administrativo Plano de Serviço - Aparecida de Goiania-GO,Suécia Veículos | Caminhões e Ônibus,Administrative Assistant,LinkedIn,1,0,Not Specified,
Assistente Administrativo - Exclusiva para Pessoa com Deficiência - Divinópolis/MG,GrupoNewChase,Administrative Assistant,LinkedIn,1,0,Monthly,
Auxiliar Administrativo I  (Vaga Exclusiva PcD).,Aurora Coop,Administrative Assistant,LinkedIn,1,0,Not Specified,
Administrative Assistant,American National,Administrative Assistant,LinkedIn,1,0,Not Specified,
Assistente Administrativo - BAIC Blumenau,Grupo Breitkopf,Administrative Assistant,LinkedIn,1,0,Not Specified,
Assistente Administrativo (Exclusivo PCD),NIP do Brasil,Administrative Assistant,LinkedIn,1,0,Monthly,
Assistente Administrativo - Cuiabá,BDO Brazil,Administrative Assistant,LinkedIn,1,0,Not Specified,
Administrative Assistant,Paralyzed Veterans of America (PVA),Administrative Assistant,LinkedIn,1,0,Hourly,
Adjointe Administrative,PGW Auto Glass,Administrative Assistant,LinkedIn,1,0,Not Specified,
Administrative Assistant,Century Fire Protection,Administrative Assistant,LinkedIn,1,0,Hourly,
Administration Assistant,Gallagher Bassett,Administrative Assistant,LinkedIn,1,0,Not Specified,
"Administrative Assistant, Surgical Services",North Mississippi Health Services,Administrative Assistant,LinkedIn,1,0,Not Specified,
Administrative Assistant,Enterprise,Administrative Assistant,LinkedIn,1,0,Not Specified,
Administrative Assistant I,Partnership HealthPlan of California,Administrative Assistant,LinkedIn,1,0,Not Specified,
Administrative Assistant / Adjoint(e) administratif(ve),MNP,Administrative Assistant,LinkedIn,1,0,Not Specified,
Administrative Assistant,Apollo Mechanical Contractors,Administrative Assistant,LinkedIn,1,0,Monthly,
Assistant du vice-président/Assistante du vice-président,CARL ROGERS Consulting,Administrative Assistant,LinkedIn,1,0,Not Specified,
Assistante de Direction Générale,Sofitel,Administrative Assistant,LinkedIn,1,0,Monthly,
Administrative Assistant,Open Journal,Administrative Assistant,LinkedIn,1,0,Monthly,
Assistante de Direction Polyvalente - Casablanca,Super Auto Group,Administrative Assistant,LinkedIn,1,0,Monthly,
Administrative Assistant,Cypress Village Retirement,Administrative Assistant,LinkedIn,1,0,Not Specified,
Assistant de Direction (m/f/d),Association Luxembourg Alzheimer,Administrative Assistant,LinkedIn,1,0,Not Specified,
"Executive Assistant , Fulfillment By Amazon",Amazon,Administrative Assistant,LinkedIn,1,0,Not Specified,
Senior Administrative Assistant (Administrative Support Assistant III) - Corporate Banking,Capital One,Administrative Assistant,LinkedIn,1,0,Not Specified,
"Executive Assistant, Fullfilment Center",Amazon,Administrative Assistant,LinkedIn,1,0,Not Specified,
ADMINISTRATIVE ASST,Covenant Health,Secretary,LinkedIn,1,0,Not Specified,
Executive Secretary,Julisha.cd,Secretary,LinkedIn,1,0,Not Specified,
Centre Secretary to Vauxhall Road,The City of Liverpool College,Secretary,LinkedIn,1,0,Not Specified,
Executive Assistant,JB Group of Companies,Secretary,LinkedIn,1,0,Monthly,
Administrative Assistant (Confidential Office Support I),"California State University, Fullerton",Secretary,LinkedIn,1,0,Not Specified,
Executive Secretary,Vanguard Assurance,Secretary,LinkedIn,1,0,Not Specified,
"Agent administratif, classe 1 - secteur secrétariat ou agente administrative, classe 1 - secteur secrétariat",Santé Québec Centre-Sud-de-l’Île-de-Montréal – Universitaire,Secretary,LinkedIn,1,0,Monthly,
"Secretary, Various Programs - BC Cancer Victoria",Provincial Health Services Authority,Secretary,LinkedIn,1,0,Monthly,
Secretary (Office Automation),U.S. Department of Veterans Affairs,Secretary,LinkedIn,1,0,Not Specified,
Assistente de Secretariado,VTCLOG,Secretary,LinkedIn,1,0,Hourly,
Assistente Administrativo,Jobbol,Secretary,LinkedIn,1,0,Not Specified,
Administrative Assistant,McLaren Health Care,Secretary,LinkedIn,1,0,Monthly,
Secretary II - FRD,CGI,Secretary,LinkedIn,1,0,Monthly,
Administrative Assistant,Canadian Security Intelligence Service (CSIS) | Service canadien du renseignement de sécurité (SCRS),Secretary,LinkedIn,1,0,Monthly,
Assistente Administrativo/Recepção,Carpa Family Office,Secretary,LinkedIn,1,0,Not Specified,
Legal Secretary,RPC,Secretary,LinkedIn,1,0,Not Specified,
Caissier/caissière temps plein jour,Loblaw Companies Limited,Cashier,LinkedIn,1,0,Not Specified,
Cashier,Avid Sales Corporation,Cashier,LinkedIn,1,0,Monthly,
cashier,Esso,Cashier,LinkedIn,1,0,Not Specified,
Cashier At Golden Tulip Kumasi City,Lancaster Kumasi City,Cashier,LinkedIn,1,0,Monthly,
Cashier - Changi Airport,Lotte Duty Free Singapore,Cashier,LinkedIn,1,0,Monthly,
"Cashier Full Time, NOC 65100",Loblaw Companies Limited,Cashier,LinkedIn,1,0,Not Specified,
Caissier·ères - Temps plein,Super C,Cashier,LinkedIn,1,0,Not Specified,
Cashier,Levy Restaurants,Cashier,LinkedIn,1,0,Not Specified,
Cashier,Villa Song Saigon,Cashier,LinkedIn,1,0,Monthly,
Caissier H/F – Nice Pasteur,Ciffréo Bona,Cashier,LinkedIn,1,0,Monthly,
Caissier/caissière au service à la clientèle,Verti Store inc.,Cashier,LinkedIn,1,0,Not Specified,
Caissier·ère,VIVACO groupe coopératif,Cashier,LinkedIn,1,0,Not Specified,
|LOJAS RENNER| Caixa de Loja -Renner Shopping Ponta Negra,Lojas Renner S.A.,Cashier,LinkedIn,1,0,Not Specified,
Atendente/Caixa - VERANÓPOLIS/RS,Rede de Farmácias São João,Cashier,LinkedIn,1,0,Monthly,
|LOJAS RENNER| Caixa de Loja - SHOPPING GRANDPLAZA,Lojas Renner S.A.,Cashier,LinkedIn,1,0,Not Specified,
Atendente/ Caixa- Gravataí RS,Rede de Farmácias São João,Cashier,LinkedIn,1,0,Monthly,
"Employée, employé de caisse accueil",Monoprix,Cashier,LinkedIn,1,0,Not Specified,
CAISSIER.ÈRE-FR,La Vie En Rose,Cashier,LinkedIn,1,0,Not Specified,
